State,City,Area
Alabama,Birmingham,South
Alabama,Montgomery,South
Alabama,Mobile,South
Alabama,Huntsville,South
Alaska,Anchorage,West
Alaska,Fairbanks,West
Alaska,Juneau,West
Arizona,Phoenix,West
Arizona,Tucson,West
Arizona,Mesa,West
Arizona,Chandler,West
Arkansas,Little Rock,South
Arkansas,Fayetteville,South
Arkansas,Fort Smith,South
Arkansas,Jonesboro,South
California,Los Angeles,West
California,San Francisco,West
California,San Diego,West
California,Sacramento,West
Colorado,Denver,West
Colorado,Colorado Springs,West
Colorado,Aurora,West
Colorado,Fort Collins,West
Connecticut,Hartford,Northeast
Connecticut,Bridgeport,Northeast
Connecticut,New Haven,Northeast
Connecticut,Stamford,Northeast
Delaware,Wilmington,Northeast
Delaware,Dover,Northeast
Delaware,Newark,Northeast
Florida,Jacksonville,South
Florida,Miami,South
Florida,Tampa,South
Florida,Orlando,South
Georgia,Atlanta,South
Georgia,Augusta,South
Georgia,Savannah,South
Georgia,Columbus,South
Hawaii,Honolulu,West
Hawaii,Hilo,West
Hawaii,Kailua,West
Idaho,Boise,West
Idaho,Nampa,West
Idaho,Pocatello,West
Illinois,Chicago,Midwest
Illinois,Aurora,Midwest
Illinois,Rockford,Midwest
Illinois,Joliet,Midwest
Indiana,Indianapolis,Midwest
Indiana,Fort Wayne,Midwest
Indiana,Evansville,Midwest
Iowa,Des Moines,Midwest
Iowa,Cedar Rapids,Midwest
Iowa,Davenport,Midwest
Kansas,Wichita,Midwest
Kansas,Overland Park,Midwest
Kansas,Kansas City,Midwest
Kentucky,Louisville,South
Kentucky,Lexington,South
Kentucky,Bowling Green,South
Louisiana,New Orleans,South
Louisiana,Baton Rouge,South
Louisiana,Shreveport,South
Maine,Portland,Northeast
Maine,Augusta,Northeast
Maine,Bangor,Northeast
Maryland,Baltimore,Northeast
Maryland,Annapolis,Northeast
Maryland,Silver Spring,Northeast
Massachusetts,Boston,Northeast
Massachusetts,Worcester,Northeast
Massachusetts,Springfield,Northeast
Michigan,Detroit,Midwest
Michigan,Grand Rapids,Midwest
Michigan,Ann Arbor,Midwest
Minnesota,Minneapolis,Midwest
Minnesota,Saint Paul,Midwest
Minnesota,Rochester,Midwest
Mississippi,Jackson,South
Mississippi,Gulfport,South
Mississippi,Southaven,South
Missouri,Kansas City,Midwest
Missouri,St. Louis,Midwest
Missouri,Springfield,Midwest
Montana,Billings,West
Montana,Missoula,West
Montana,Great Falls,West
Nebraska,Omaha,Midwest
Nebraska,Lincoln,Midwest
Nebraska,Bellevue,Midwest
Nevada,Las Vegas,West
Nevada,Reno,West
Nevada,Henderson,West
New Hampshire,Manchester,Northeast
New Hampshire,Nashua,Northeast
New Hampshire,Concord,Northeast
New Jersey,Newark,Northeast
New Jersey,Jersey City,Northeast
New Jersey,Paterson,Northeast
New Mexico,Albuquerque,West
New Mexico,Santa Fe,West
New Mexico,Las Cruces,West
New York,New York City,Northeast
New York,Buffalo,Northeast
New York,Rochester,Northeast
North Carolina,Charlotte,South
North Carolina,Raleigh,South
North Carolina,Greensboro,South
North Dakota,Fargo,Midwest
North Dakota,Bismarck,Midwest
North Dakota,Grand Forks,Midwest
Ohio,Columbus,Midwest
Ohio,Cleveland,Midwest
Ohio,Cincinnati,Midwest
Oklahoma,Oklahoma City,South
Oklahoma,Tulsa,South
Oklahoma,Norman,South
Oregon,Portland,West
Oregon,Salem,West
Oregon,Eugene,West
Pennsylvania,Philadelphia